month,year,scenario,pressure,temperature,extraction,recharge
0,0.0,Sustainable operation,100.0,250.0,10,10
1,0.08333333333333333,Sustainable operation,99.7,249.9,10,10
2,0.16666666666666666,Sustainable operation,99.4,249.8,10,10
3,0.25,Sustainable operation,99.10000000000001,249.70000000000002,10,10
4,0.3333333333333333,Sustainable operation,98.80000000000001,249.60000000000002,10,10
5,0.4166666666666667,Sustainable operation,98.50000000000001,249.50000000000003,10,10
6,0.5,Sustainable operation,98.20000000000002,249.40000000000003,10,10
7,0.5833333333333334,Sustainable operation,97.90000000000002,249.30000000000004,10,10
8,0.6666666666666666,Sustainable operation,97.60000000000002,249.20000000000005,10,10
9,0.75,Sustainable operation,97.30000000000003,249.10000000000005,10,10
10,0.8333333333333334,Sustainable operation,97.00000000000003,249.00000000000006,10,10
11,0.9166666666666666,Sustainable operation,96.70000000000003,248.90000000000006,10,10
12,1.0,Sustainable operation,96.40000000000003,248.80000000000007,10,10
13,1.0833333333333333,Sustainable operation,96.10000000000004,248.70000000000007,10,10
14,1.1666666666666667,Sustainable operation,95.80000000000004,248.60000000000008,10,10
15,1.25,Sustainable operation,95.50000000000004,248.50000000000009,10,10
16,1.3333333333333333,Sustainable operation,95.20000000000005,248.4000000000001,10,10
17,1.4166666666666667,Sustainable operation,94.90000000000005,248.3000000000001,10,10
18,1.5,Sustainable operation,94.60000000000005,248.2000000000001,10,10
19,1.5833333333333333,Sustainable operation,94.30000000000005,248.1000000000001,10,10
20,1.6666666666666667,Sustainable operation,94.00000000000006,248.0000000000001,10,10
21,1.75,Sustainable operation,93.70000000000006,247.90000000000012,10,10
22,1.8333333333333333,Sustainable operation,93.40000000000006,247.80000000000013,10,10
23,1.9166666666666667,Sustainable operation,93.10000000000007,247.70000000000013,10,10
24,2.0,Sustainable operation,92.80000000000007,247.60000000000014,10,10
25,2.0833333333333335,Sustainable operation,92.50000000000007,247.50000000000014,10,10
26,2.1666666666666665,Sustainable operation,92.20000000000007,247.40000000000015,10,10
27,2.25,Sustainable operation,91.90000000000008,247.30000000000015,10,10
28,2.3333333333333335,Sustainable operation,91.60000000000008,247.20000000000016,10,10
29,2.4166666666666665,Sustainable operation,91.30000000000008,247.10000000000016,10,10
30,2.5,Sustainable operation,91.00000000000009,247.00000000000017,10,10
31,2.5833333333333335,Sustainable operation,90.70000000000009,246.90000000000018,10,10
32,2.6666666666666665,Sustainable operation,90.40000000000009,246.80000000000018,10,10
33,2.75,Sustainable operation,90.1000000000001,246.7000000000002,10,10
34,2.8333333333333335,Sustainable operation,89.8000000000001,246.6000000000002,10,10
35,2.9166666666666665,Sustainable operation,89.5000000000001,246.5000000000002,10,10
36,3.0,Sustainable operation,89.2000000000001,246.4000000000002,10,10
37,3.0833333333333335,Sustainable operation,88.9000000000001,246.3000000000002,10,10
38,3.1666666666666665,Sustainable operation,88.60000000000011,246.20000000000022,10,10
39,3.25,Sustainable operation,88.30000000000011,246.10000000000022,10,10
40,3.3333333333333335,Sustainable operation,88.00000000000011,246.00000000000023,10,10
41,3.4166666666666665,Sustainable operation,87.70000000000012,245.90000000000023,10,10
42,3.5,Sustainable operation,87.40000000000012,245.80000000000024,10,10
43,3.5833333333333335,Sustainable operation,87.10000000000012,245.70000000000024,10,10
44,3.6666666666666665,Sustainable operation,86.80000000000013,245.60000000000025,10,10
45,3.75,Sustainable operation,86.50000000000013,245.50000000000026,10,10
46,3.8333333333333335,Sustainable operation,86.20000000000013,245.40000000000026,10,10
47,3.9166666666666665,Sustainable operation,85.90000000000013,245.30000000000027,10,10
48,4.0,Sustainable operation,85.60000000000014,245.20000000000027,10,10
49,4.083333333333333,Sustainable operation,85.30000000000014,245.10000000000028,10,10
50,4.166666666666667,Sustainable operation,85.00000000000014,245.00000000000028,10,10
51,4.25,Sustainable operation,84.70000000000014,244.9000000000003,10,10
52,4.333333333333333,Sustainable operation,84.40000000000015,244.8000000000003,10,10
53,4.416666666666667,Sustainable operation,84.10000000000015,244.7000000000003,10,10
54,4.5,Sustainable operation,83.80000000000015,244.6000000000003,10,10
55,4.583333333333333,Sustainable operation,83.50000000000016,244.5000000000003,10,10
56,4.666666666666667,Sustainable operation,83.20000000000016,244.40000000000032,10,10
57,4.75,Sustainable operation,82.90000000000016,244.30000000000032,10,10
58,4.833333333333333,Sustainable operation,82.60000000000016,244.20000000000033,10,10
59,4.916666666666667,Sustainable operation,82.30000000000017,244.10000000000034,10,10
60,5.0,Sustainable operation,82.00000000000017,244.00000000000034,10,10
61,5.083333333333333,Sustainable operation,81.70000000000017,243.90000000000035,10,10
62,5.166666666666667,Sustainable operation,81.40000000000018,243.80000000000035,10,10
63,5.25,Sustainable operation,81.10000000000018,243.70000000000036,10,10
64,5.333333333333333,Sustainable operation,80.80000000000018,243.60000000000036,10,10
65,5.416666666666667,Sustainable operation,80.50000000000018,243.50000000000037,10,10
66,5.5,Sustainable operation,80.20000000000019,243.40000000000038,10,10
67,5.583333333333333,Sustainable operation,79.90000000000019,243.30000000000038,10,10
68,5.666666666666667,Sustainable operation,79.6000000000002,243.2000000000004,10,10
69,5.75,Sustainable operation,79.3000000000002,243.1000000000004,10,10
70,5.833333333333333,Sustainable operation,79.0000000000002,243.0000000000004,10,10
71,5.916666666666667,Sustainable operation,78.7000000000002,242.9000000000004,10,10
72,6.0,Sustainable operation,78.4000000000002,242.8000000000004,10,10
73,6.083333333333333,Sustainable operation,78.10000000000021,242.70000000000041,10,10
74,6.166666666666667,Sustainable operation,77.80000000000021,242.60000000000042,10,10
75,6.25,Sustainable operation,77.50000000000021,242.50000000000043,10,10
76,6.333333333333333,Sustainable operation,77.20000000000022,242.40000000000043,10,10
77,6.416666666666667,Sustainable operation,76.90000000000022,242.30000000000044,10,10
78,6.5,Sustainable operation,76.60000000000022,242.20000000000044,10,10
79,6.583333333333333,Sustainable operation,76.30000000000022,242.10000000000045,10,10
80,6.666666666666667,Sustainable operation,76.00000000000023,242.00000000000045,10,10
81,6.75,Sustainable operation,75.70000000000023,241.90000000000046,10,10
82,6.833333333333333,Sustainable operation,75.40000000000023,241.80000000000047,10,10
83,6.916666666666667,Sustainable operation,75.10000000000024,241.70000000000047,10,10
84,7.0,Sustainable operation,74.80000000000024,241.60000000000048,10,10
85,7.083333333333333,Sustainable operation,74.50000000000024,241.50000000000048,10,10
86,7.166666666666667,Sustainable operation,74.20000000000024,241.4000000000005,10,10
87,7.25,Sustainable operation,73.90000000000025,241.3000000000005,10,10
88,7.333333333333333,Sustainable operation,73.60000000000025,241.2000000000005,10,10
89,7.416666666666667,Sustainable operation,73.30000000000025,241.1000000000005,10,10
90,7.5,Sustainable operation,73.00000000000026,241.0000000000005,10,10
91,7.583333333333333,Sustainable operation,72.70000000000026,240.90000000000052,10,10
92,7.666666666666667,Sustainable operation,72.40000000000026,240.80000000000052,10,10
93,7.75,Sustainable operation,72.10000000000026,240.70000000000053,10,10
94,7.833333333333333,Sustainable operation,71.80000000000027,240.60000000000053,10,10
95,7.916666666666667,Sustainable operation,71.50000000000027,240.50000000000054,10,10
96,8.0,Sustainable operation,71.20000000000027,240.40000000000055,10,10
97,8.083333333333334,Sustainable operation,70.90000000000028,240.30000000000055,10,10
98,8.166666666666666,Sustainable operation,70.60000000000028,240.20000000000056,10,10
99,8.25,Sustainable operation,70.30000000000028,240.10000000000056,10,10
100,8.333333333333334,Sustainable operation,70.00000000000028,240.00000000000057,10,10
101,8.416666666666666,Sustainable operation,69.70000000000029,239.90000000000057,10,10
102,8.5,Sustainable operation,69.40000000000029,239.80000000000058,10,10
103,8.583333333333334,Sustainable operation,69.10000000000029,239.70000000000059,10,10
104,8.666666666666666,Sustainable operation,68.8000000000003,239.6000000000006,10,10
105,8.75,Sustainable operation,68.5000000000003,239.5000000000006,10,10
106,8.833333333333334,Sustainable operation,68.2000000000003,239.4000000000006,10,10
107,8.916666666666666,Sustainable operation,67.9000000000003,239.3000000000006,10,10
108,9.0,Sustainable operation,67.6000000000003,239.2000000000006,10,10
109,9.083333333333334,Sustainable operation,67.30000000000031,239.10000000000062,10,10
110,9.166666666666666,Sustainable operation,67.00000000000031,239.00000000000063,10,10
111,9.25,Sustainable operation,66.70000000000032,238.90000000000063,10,10
112,9.333333333333334,Sustainable operation,66.40000000000032,238.80000000000064,10,10
113,9.416666666666666,Sustainable operation,66.10000000000032,238.70000000000064,10,10
114,9.5,Sustainable operation,65.80000000000032,238.60000000000065,10,10
115,9.583333333333334,Sustainable operation,65.50000000000033,238.50000000000065,10,10
116,9.666666666666666,Sustainable operation,65.20000000000033,238.40000000000066,10,10
117,9.75,Sustainable operation,64.90000000000033,238.30000000000067,10,10
118,9.833333333333334,Sustainable operation,64.60000000000034,238.20000000000067,10,10
119,9.916666666666666,Sustainable operation,64.30000000000034,238.10000000000068,10,10
120,10.0,Sustainable operation,64.00000000000034,238.00000000000068,10,10
0,0.0,Moderate over-extraction,100.0,250.0,15,8
1,0.08333333333333333,Moderate over-extraction,99.2,249.745,15,8
2,0.16666666666666666,Moderate over-extraction,98.4,249.49,15,8
3,0.25,Moderate over-extraction,97.60000000000001,249.235,15,8
4,0.3333333333333333,Moderate over-extraction,96.80000000000001,248.98000000000002,15,8
5,0.4166666666666667,Moderate over-extraction,96.00000000000001,248.72500000000002,15,8
6,0.5,Moderate over-extraction,95.20000000000002,248.47000000000003,15,8
7,0.5833333333333334,Moderate over-extraction,94.40000000000002,248.21500000000003,15,8
8,0.6666666666666666,Moderate over-extraction,93.60000000000002,247.96000000000004,15,8
9,0.75,Moderate over-extraction,92.80000000000003,247.70500000000004,15,8
10,0.8333333333333334,Moderate over-extraction,92.00000000000003,247.45000000000005,15,8
11,0.9166666666666666,Moderate over-extraction,91.20000000000003,247.19500000000005,15,8
12,1.0,Moderate over-extraction,90.40000000000003,246.94000000000005,15,8
13,1.0833333333333333,Moderate over-extraction,89.60000000000004,246.68500000000006,15,8
14,1.1666666666666667,Moderate over-extraction,88.80000000000004,246.43000000000006,15,8
15,1.25,Moderate over-extraction,88.00000000000004,246.17500000000007,15,8
16,1.3333333333333333,Moderate over-extraction,87.20000000000005,245.92000000000007,15,8
17,1.4166666666666667,Moderate over-extraction,86.40000000000005,245.66500000000008,15,8
18,1.5,Moderate over-extraction,85.60000000000005,245.41000000000008,15,8
19,1.5833333333333333,Moderate over-extraction,84.80000000000005,245.1550000000001,15,8
20,1.6666666666666667,Moderate over-extraction,84.00000000000006,244.9000000000001,15,8
21,1.75,Moderate over-extraction,83.20000000000006,244.6450000000001,15,8
22,1.8333333333333333,Moderate over-extraction,82.40000000000006,244.3900000000001,15,8
23,1.9166666666666667,Moderate over-extraction,81.60000000000007,244.1350000000001,15,8
24,2.0,Moderate over-extraction,80.80000000000007,243.8800000000001,15,8
25,2.0833333333333335,Moderate over-extraction,80.00000000000007,243.6250000000001,15,8
26,2.1666666666666665,Moderate over-extraction,79.20000000000007,243.37000000000012,15,8
27,2.25,Moderate over-extraction,78.40000000000008,243.11500000000012,15,8
28,2.3333333333333335,Moderate over-extraction,77.60000000000008,242.86000000000013,15,8
29,2.4166666666666665,Moderate over-extraction,76.80000000000008,242.60500000000013,15,8
30,2.5,Moderate over-extraction,76.00000000000009,242.35000000000014,15,8
31,2.5833333333333335,Moderate over-extraction,75.20000000000009,242.09500000000014,15,8
32,2.6666666666666665,Moderate over-extraction,74.40000000000009,241.84000000000015,15,8
33,2.75,Moderate over-extraction,73.6000000000001,241.58500000000015,15,8
34,2.8333333333333335,Moderate over-extraction,72.8000000000001,241.33000000000015,15,8
35,2.9166666666666665,Moderate over-extraction,72.0000000000001,241.07500000000016,15,8
36,3.0,Moderate over-extraction,71.2000000000001,240.82000000000016,15,8
37,3.0833333333333335,Moderate over-extraction,70.4000000000001,240.56500000000017,15,8
38,3.1666666666666665,Moderate over-extraction,69.60000000000011,240.31000000000017,15,8
39,3.25,Moderate over-extraction,68.80000000000011,240.05500000000018,15,8
40,3.3333333333333335,Moderate over-extraction,68.00000000000011,239.80000000000018,15,8
41,3.4166666666666665,Moderate over-extraction,67.20000000000012,239.5450000000002,15,8
42,3.5,Moderate over-extraction,66.40000000000012,239.2900000000002,15,8
43,3.5833333333333335,Moderate over-extraction,65.60000000000012,239.0350000000002,15,8
44,3.6666666666666665,Moderate over-extraction,64.80000000000013,238.7800000000002,15,8
45,3.75,Moderate over-extraction,64.00000000000013,238.5250000000002,15,8
46,3.8333333333333335,Moderate over-extraction,63.200000000000124,238.2700000000002,15,8
47,3.9166666666666665,Moderate over-extraction,62.40000000000012,238.0150000000002,15,8
48,4.0,Moderate over-extraction,61.600000000000115,237.76000000000022,15,8
49,4.083333333333333,Moderate over-extraction,60.80000000000011,237.50500000000022,15,8
50,4.166666666666667,Moderate over-extraction,60.00000000000011,237.25000000000023,15,8
51,4.25,Moderate over-extraction,59.2000000000001,236.99500000000023,15,8
52,4.333333333333333,Moderate over-extraction,58.4000000000001,236.74000000000024,15,8
53,4.416666666666667,Moderate over-extraction,57.600000000000094,236.48500000000024,15,8
54,4.5,Moderate over-extraction,56.80000000000009,236.23000000000025,15,8
55,4.583333333333333,Moderate over-extraction,56.000000000000085,235.97500000000025,15,8
56,4.666666666666667,Moderate over-extraction,55.20000000000008,235.72000000000025,15,8
57,4.75,Moderate over-extraction,54.40000000000008,235.46500000000026,15,8
58,4.833333333333333,Moderate over-extraction,53.60000000000007,235.21000000000026,15,8
59,4.916666666666667,Moderate over-extraction,52.80000000000007,234.95500000000027,15,8
60,5.0,Moderate over-extraction,52.000000000000064,234.70000000000027,15,8
61,5.083333333333333,Moderate over-extraction,51.20000000000006,234.44500000000028,15,8
62,5.166666666666667,Moderate over-extraction,50.400000000000055,234.19000000000028,15,8
63,5.25,Moderate over-extraction,49.60000000000005,233.9350000000003,15,8
64,5.333333333333333,Moderate over-extraction,48.80000000000005,233.6800000000003,15,8
65,5.416666666666667,Moderate over-extraction,48.00000000000004,233.4250000000003,15,8
66,5.5,Moderate over-extraction,47.20000000000004,233.1700000000003,15,8
67,5.583333333333333,Moderate over-extraction,46.400000000000034,232.9150000000003,15,8
68,5.666666666666667,Moderate over-extraction,45.60000000000003,232.6600000000003,15,8
69,5.75,Moderate over-extraction,44.800000000000026,232.4050000000003,15,8
70,5.833333333333333,Moderate over-extraction,44.00000000000002,232.15000000000032,15,8
71,5.916666666666667,Moderate over-extraction,43.20000000000002,231.89500000000032,15,8
72,6.0,Moderate over-extraction,42.40000000000001,231.64000000000033,15,8
73,6.083333333333333,Moderate over-extraction,41.60000000000001,231.38500000000033,15,8
74,6.166666666666667,Moderate over-extraction,40.800000000000004,231.13000000000034,15,8
75,6.25,Moderate over-extraction,40.0,230.87500000000034,15,8
76,6.333333333333333,Moderate over-extraction,39.199999999999996,230.62000000000035,15,8
77,6.416666666666667,Moderate over-extraction,38.39999999999999,230.36500000000035,15,8
78,6.5,Moderate over-extraction,37.59999999999999,230.11000000000035,15,8
79,6.583333333333333,Moderate over-extraction,36.79999999999998,229.85500000000036,15,8
80,6.666666666666667,Moderate over-extraction,35.99999999999998,229.60000000000036,15,8
81,6.75,Moderate over-extraction,35.199999999999974,229.34500000000037,15,8
82,6.833333333333333,Moderate over-extraction,34.39999999999997,229.09000000000037,15,8
83,6.916666666666667,Moderate over-extraction,33.599999999999966,228.83500000000038,15,8
84,7.0,Moderate over-extraction,32.79999999999996,228.58000000000038,15,8
85,7.083333333333333,Moderate over-extraction,31.99999999999996,228.3250000000004,15,8
86,7.166666666666667,Moderate over-extraction,31.19999999999996,228.0700000000004,15,8
87,7.25,Moderate over-extraction,30.39999999999996,227.8150000000004,15,8
88,7.333333333333333,Moderate over-extraction,29.59999999999996,227.5600000000004,15,8
89,7.416666666666667,Moderate over-extraction,28.799999999999958,227.3050000000004,15,8
90,7.5,Moderate over-extraction,27.999999999999957,227.0500000000004,15,8
91,7.583333333333333,Moderate over-extraction,27.199999999999957,226.7950000000004,15,8
92,7.666666666666667,Moderate over-extraction,26.399999999999956,226.54000000000042,15,8
93,7.75,Moderate over-extraction,25.599999999999955,226.28500000000042,15,8
94,7.833333333333333,Moderate over-extraction,24.799999999999955,226.03000000000043,15,8
95,7.916666666666667,Moderate over-extraction,23.999999999999954,225.77500000000043,15,8
96,8.0,Moderate over-extraction,23.199999999999953,225.52000000000044,15,8
97,8.083333333333334,Moderate over-extraction,22.399999999999952,225.26500000000044,15,8
98,8.166666666666666,Moderate over-extraction,21.59999999999995,225.01000000000045,15,8
99,8.25,Moderate over-extraction,20.79999999999995,224.75500000000045,15,8
100,8.333333333333334,Moderate over-extraction,19.99999999999995,224.50000000000045,15,8
101,8.416666666666666,Moderate over-extraction,19.19999999999995,224.24500000000046,15,8
102,8.5,Moderate over-extraction,18.39999999999995,223.99000000000046,15,8
103,8.583333333333334,Moderate over-extraction,17.599999999999948,223.73500000000047,15,8
104,8.666666666666666,Moderate over-extraction,16.799999999999947,223.48000000000047,15,8
105,8.75,Moderate over-extraction,15.999999999999948,223.22500000000048,15,8
106,8.833333333333334,Moderate over-extraction,15.19999999999995,222.97000000000048,15,8
107,8.916666666666666,Moderate over-extraction,14.39999999999995,222.7150000000005,15,8
108,9.0,Moderate over-extraction,13.599999999999952,222.4600000000005,15,8
109,9.083333333333334,Moderate over-extraction,12.799999999999953,222.2050000000005,15,8
110,9.166666666666666,Moderate over-extraction,11.999999999999954,221.9500000000005,15,8
111,9.25,Moderate over-extraction,11.199999999999955,221.6950000000005,15,8
112,9.333333333333334,Moderate over-extraction,10.399999999999956,221.4400000000005,15,8
113,9.416666666666666,Moderate over-extraction,9.599999999999957,221.1850000000005,15,8
114,9.5,Moderate over-extraction,8.799999999999958,220.93000000000052,15,8
115,9.583333333333334,Moderate over-extraction,7.999999999999958,220.67500000000052,15,8
116,9.666666666666666,Moderate over-extraction,7.199999999999958,220.42000000000053,15,8
117,9.75,Moderate over-extraction,6.399999999999959,220.16500000000053,15,8
118,9.833333333333334,Moderate over-extraction,5.599999999999959,219.91000000000054,15,8
119,9.916666666666666,Moderate over-extraction,4.799999999999959,219.65500000000054,15,8
120,10.0,Moderate over-extraction,3.9999999999999587,219.40000000000055,15,8
0,0.0,Aggressive extraction,100.0,250.0,22,5
1,0.08333333333333333,Aggressive extraction,98.49,249.52499999999998,22,5
2,0.16666666666666666,Aggressive extraction,96.97999999999999,249.04999999999995,22,5
3,0.25,Aggressive extraction,95.46999999999998,248.57499999999993,22,5
4,0.3333333333333333,Aggressive extraction,93.95999999999998,248.0999999999999,22,5
5,0.4166666666666667,Aggressive extraction,92.44999999999997,247.6249999999999,22,5
6,0.5,Aggressive extraction,90.93999999999997,247.14999999999986,22,5
7,0.5833333333333334,Aggressive extraction,89.42999999999996,246.67499999999984,22,5
8,0.6666666666666666,Aggressive extraction,87.91999999999996,246.19999999999982,22,5
9,0.75,Aggressive extraction,86.40999999999995,245.7249999999998,22,5
10,0.8333333333333334,Aggressive extraction,84.89999999999995,245.24999999999977,22,5
11,0.9166666666666666,Aggressive extraction,83.38999999999994,244.77499999999975,22,5
12,1.0,Aggressive extraction,81.87999999999994,244.29999999999973,22,5
13,1.0833333333333333,Aggressive extraction,80.36999999999993,243.8249999999997,22,5
14,1.1666666666666667,Aggressive extraction,78.85999999999993,243.34999999999968,22,5
15,1.25,Aggressive extraction,77.34999999999992,242.87499999999966,22,5
16,1.3333333333333333,Aggressive extraction,75.83999999999992,242.39999999999964,22,5
17,1.4166666666666667,Aggressive extraction,74.32999999999991,241.9249999999996,22,5
18,1.5,Aggressive extraction,72.81999999999991,241.4499999999996,22,5
19,1.5833333333333333,Aggressive extraction,71.3099999999999,240.97499999999957,22,5
20,1.6666666666666667,Aggressive extraction,69.7999999999999,240.49999999999955,22,5
21,1.75,Aggressive extraction,68.28999999999989,240.02499999999952,22,5
22,1.8333333333333333,Aggressive extraction,66.77999999999989,239.5499999999995,22,5
23,1.9166666666666667,Aggressive extraction,65.26999999999988,239.07499999999948,22,5
24,2.0,Aggressive extraction,63.759999999999884,238.59999999999945,22,5
25,2.0833333333333335,Aggressive extraction,62.249999999999886,238.12499999999943,22,5
26,2.1666666666666665,Aggressive extraction,60.73999999999989,237.6499999999994,22,5
27,2.25,Aggressive extraction,59.22999999999989,237.1749999999994,22,5
28,2.3333333333333335,Aggressive extraction,57.71999999999989,236.69999999999936,22,5
29,2.4166666666666665,Aggressive extraction,56.209999999999894,236.22499999999934,22,5
30,2.5,Aggressive extraction,54.699999999999896,235.74999999999932,22,5
31,2.5833333333333335,Aggressive extraction,53.1899999999999,235.2749999999993,22,5
32,2.6666666666666665,Aggressive extraction,51.6799999999999,234.79999999999927,22,5
33,2.75,Aggressive extraction,50.1699999999999,234.32499999999925,22,5
34,2.8333333333333335,Aggressive extraction,48.659999999999904,233.84999999999923,22,5
35,2.9166666666666665,Aggressive extraction,47.149999999999906,233.3749999999992,22,5
36,3.0,Aggressive extraction,45.63999999999991,232.89999999999918,22,5
37,3.0833333333333335,Aggressive extraction,44.12999999999991,232.42499999999916,22,5
38,3.1666666666666665,Aggressive extraction,42.61999999999991,231.94999999999914,22,5
39,3.25,Aggressive extraction,41.109999999999914,231.4749999999991,22,5
40,3.3333333333333335,Aggressive extraction,39.599999999999916,230.9999999999991,22,5
41,3.4166666666666665,Aggressive extraction,38.08999999999992,230.52499999999907,22,5
42,3.5,Aggressive extraction,36.57999999999992,230.04999999999905,22,5
43,3.5833333333333335,Aggressive extraction,35.06999999999992,229.57499999999902,22,5
44,3.6666666666666665,Aggressive extraction,33.559999999999924,229.099999999999,22,5
45,3.75,Aggressive extraction,32.049999999999926,228.62499999999898,22,5
46,3.8333333333333335,Aggressive extraction,30.539999999999925,228.14999999999895,22,5
47,3.9166666666666665,Aggressive extraction,29.029999999999923,227.67499999999893,22,5
48,4.0,Aggressive extraction,27.51999999999992,227.1999999999989,22,5
49,4.083333333333333,Aggressive extraction,26.00999999999992,226.7249999999989,22,5
50,4.166666666666667,Aggressive extraction,24.49999999999992,226.24999999999886,22,5
51,4.25,Aggressive extraction,22.989999999999917,225.77499999999884,22,5
52,4.333333333333333,Aggressive extraction,21.479999999999915,225.29999999999882,22,5
53,4.416666666666667,Aggressive extraction,19.969999999999914,224.8249999999988,22,5
54,4.5,Aggressive extraction,18.459999999999912,224.34999999999877,22,5
55,4.583333333333333,Aggressive extraction,16.94999999999991,223.87499999999875,22,5
56,4.666666666666667,Aggressive extraction,15.43999999999991,223.39999999999873,22,5
57,4.75,Aggressive extraction,13.929999999999911,222.9249999999987,22,5
58,4.833333333333333,Aggressive extraction,12.419999999999911,222.44999999999868,22,5
59,4.916666666666667,Aggressive extraction,10.909999999999911,221.97499999999866,22,5
60,5.0,Aggressive extraction,9.399999999999912,221.49999999999864,22,5
61,5.083333333333333,Aggressive extraction,7.889999999999912,221.0249999999986,22,5
62,5.166666666666667,Aggressive extraction,6.379999999999912,220.5499999999986,22,5
63,5.25,Aggressive extraction,4.869999999999912,220.07499999999857,22,5
64,5.333333333333333,Aggressive extraction,3.3599999999999124,219.59999999999854,22,5
65,5.416666666666667,Aggressive extraction,1.8499999999999124,219.12499999999852,22,5
66,5.5,Aggressive extraction,0.3399999999999124,218.6499999999985,22,5
67,5.583333333333333,Aggressive extraction,-1.1700000000000876,218.17499999999848,22,5
68,5.666666666666667,Aggressive extraction,-2.6800000000000876,217.69999999999845,22,5
69,5.75,Aggressive extraction,-4.190000000000087,217.22499999999843,22,5
70,5.833333333333333,Aggressive extraction,-5.700000000000087,216.7499999999984,22,5
71,5.916666666666667,Aggressive extraction,-7.210000000000087,216.27499999999839,22,5
72,6.0,Aggressive extraction,-8.720000000000088,215.79999999999836,22,5
73,6.083333333333333,Aggressive extraction,-10.230000000000087,215.32499999999834,22,5
74,6.166666666666667,Aggressive extraction,-11.740000000000087,214.84999999999832,22,5
75,6.25,Aggressive extraction,-13.250000000000087,214.3749999999983,22,5
76,6.333333333333333,Aggressive extraction,-14.760000000000087,213.89999999999827,22,5
77,6.416666666666667,Aggressive extraction,-16.27000000000009,213.42499999999825,22,5
78,6.5,Aggressive extraction,-17.78000000000009,212.94999999999823,22,5
79,6.583333333333333,Aggressive extraction,-19.29000000000009,212.4749999999982,22,5
80,6.666666666666667,Aggressive extraction,-20.800000000000093,211.99999999999818,22,5
81,6.75,Aggressive extraction,-22.310000000000095,211.52499999999816,22,5
82,6.833333333333333,Aggressive extraction,-23.820000000000096,211.04999999999814,22,5
83,6.916666666666667,Aggressive extraction,-25.330000000000098,210.5749999999981,22,5
84,7.0,Aggressive extraction,-26.8400000000001,210.0999999999981,22,5
85,7.083333333333333,Aggressive extraction,-28.3500000000001,209.62499999999807,22,5
86,7.166666666666667,Aggressive extraction,-29.860000000000102,209.14999999999804,22,5
87,7.25,Aggressive extraction,-31.370000000000104,208.67499999999802,22,5
88,7.333333333333333,Aggressive extraction,-32.8800000000001,208.199999999998,22,5
89,7.416666666666667,Aggressive extraction,-34.3900000000001,207.72499999999798,22,5
90,7.5,Aggressive extraction,-35.9000000000001,207.24999999999795,22,5
91,7.583333333333333,Aggressive extraction,-37.410000000000096,206.77499999999793,22,5
92,7.666666666666667,Aggressive extraction,-38.920000000000094,206.2999999999979,22,5
93,7.75,Aggressive extraction,-40.43000000000009,205.82499999999789,22,5
94,7.833333333333333,Aggressive extraction,-41.94000000000009,205.34999999999786,22,5
95,7.916666666666667,Aggressive extraction,-43.45000000000009,204.87499999999784,22,5
96,8.0,Aggressive extraction,-44.960000000000086,204.39999999999782,22,5
97,8.083333333333334,Aggressive extraction,-46.470000000000084,203.9249999999978,22,5
98,8.166666666666666,Aggressive extraction,-47.98000000000008,203.44999999999777,22,5
99,8.25,Aggressive extraction,-49.49000000000008,202.97499999999775,22,5
100,8.333333333333334,Aggressive extraction,-51.00000000000008,202.49999999999773,22,5
101,8.416666666666666,Aggressive extraction,-52.510000000000076,202.0249999999977,22,5
102,8.5,Aggressive extraction,-54.020000000000074,201.54999999999768,22,5
103,8.583333333333334,Aggressive extraction,-55.53000000000007,201.07499999999766,22,5
104,8.666666666666666,Aggressive extraction,-57.04000000000007,200.59999999999764,22,5
105,8.75,Aggressive extraction,-58.55000000000007,200.1249999999976,22,5
106,8.833333333333334,Aggressive extraction,-60.060000000000066,199.6499999999976,22,5
107,8.916666666666666,Aggressive extraction,-61.570000000000064,199.17499999999757,22,5
108,9.0,Aggressive extraction,-63.08000000000006,198.69999999999754,22,5
109,9.083333333333334,Aggressive extraction,-64.59000000000006,198.22499999999752,22,5
110,9.166666666666666,Aggressive extraction,-66.10000000000007,197.7499999999975,22,5
111,9.25,Aggressive extraction,-67.61000000000007,197.27499999999748,22,5
112,9.333333333333334,Aggressive extraction,-69.12000000000008,196.79999999999745,22,5
113,9.416666666666666,Aggressive extraction,-70.63000000000008,196.32499999999743,22,5
114,9.5,Aggressive extraction,-72.14000000000009,195.8499999999974,22,5
115,9.583333333333334,Aggressive extraction,-73.65000000000009,195.37499999999739,22,5
116,9.666666666666666,Aggressive extraction,-75.1600000000001,194.89999999999736,22,5
117,9.75,Aggressive extraction,-76.6700000000001,194.42499999999734,22,5
118,9.833333333333334,Aggressive extraction,-78.1800000000001,193.94999999999732,22,5
119,9.916666666666666,Aggressive extraction,-79.69000000000011,193.4749999999973,22,5
120,10.0,Aggressive extraction,-81.20000000000012,192.99999999999727,22,5
